Type,Region,Make,Gear_Type,Origin,Options,Year,Engine_Size,Mileage,Price
Furniture,Riyadh,Toyota,Automatic,Saudi,Standard,2021.0,2.7,16444.0,104500.0
Rare,Jeddah,Mercedes,Automatic,Gulf Arabic,Full,2016.0,2.1,43000.0,125000.0
Rare,Riyadh,Chevrolet,Automatic,Gulf Arabic,Standard,2017.0,2.4,146000.0,40500.0
Accord,Jeddah,Honda,Automatic,Saudi,Semi Full,2018.0,1.6,32000.0,97000.0
Elantra,Riyadh,Hyundai,Automatic,Saudi,Standard,2019.0,1.6,120244.0,43000.0
Rare,Al-Medina,Chevrolet,Automatic,Saudi,Semi Full,2012.0,1.9,50000.0,27000.0
Sonata,Riyadh,Hyundai,Automatic,Saudi,Semi Full,2020.0,2.5,22000.0,85000.0
Rare,Jeddah,Rare,Automatic,Saudi,Semi Full,2012.0,2.5,216000.0,22000.0
Elantra,Riyadh,Hyundai,Automatic,Saudi,Standard,2020.0,1.6,16925.0,57500.0
Rare,Dammam,Jeep,Automatic,Saudi,Full,2018.0,3.6,61300.0,165000.0
Accent,Dammam,Hyundai,Automatic,Saudi,Standard,2019.0,1.4,70900.0,40000.0
Rare,Dammam,Lexus,Automatic,Other,Semi Full,2016.0,2.5,58000.0,137000.0
Accent,Riyadh,Hyundai,Automatic,Saudi,Standard,2020.0,1.4,25234.0,44000.0
6,Qassim,Mazda,Automatic,Saudi,Semi Full,2019.0,2.5,92000.0,70000.0
Accent,Dammam,Hyundai,Automatic,Saudi,Standard,2017.0,1.4,53000.0,35000.0
Rare,Riyadh,Hyundai,Automatic,Saudi,Full,2018.0,3.5,44000.0,96000.0
Furniture,Jeddah,Toyota,Automatic,Saudi,Full,2013.0,2.7,182000.0,68500.0
Rare,Dammam,Mazda,Automatic,Saudi,Full,2016.0,2.5,91000.0,75000.0
Rare,Jeddah,Nissan,Manual,Saudi,Full,2015.0,2.5,83000.0,45000.0
Yaris,Aseer,Toyota,Automatic,Saudi,Standard,2017.0,1.5,250000.0,26000.0
Charger,Riyadh,Dodge,Automatic,Other,Semi Full,2017.0,5.7,141000.0,108000.0
Rare,Riyadh,Mercedes,Automatic,Other,Full,2014.0,3.0,179000.0,169000.0
Camry,Riyadh,Toyota,Automatic,Saudi,Full,2017.0,2.5,95794.0,74500.0
Pajero,Jeddah,Mitsubishi,Automatic,Saudi,Full,2016.0,3.8,75000.0,70000.0
Sierra,Dammam,GMC,Automatic,Saudi,Standard,2018.0,5.3,61000.0,145000.0
Rare,Al-Ahsa,Rare,Automatic,Saudi,Full,2021.0,1.3,9000.0,57000.0
Cerato,Riyadh,Kia,Automatic,Saudi,Standard,2017.0,1.6,72000.0,37500.0
Tahoe,Dammam,Chevrolet,Automatic,Other,Full,2016.0,5.3,110000.0,144000.0
Charger,Riyadh,Dodge,Automatic,Saudi,Standard,2015.0,3.6,54300.0,63000.0
Yukon,Riyadh,GMC,Automatic,Saudi,Full,2009.0,6.2,20000.0,56000.0
Rare,Jeddah,BMW,Automatic,Saudi,Semi Full,2019.0,2.0,29900.0,150000.0
Hilux,Riyadh,Toyota,Manual,Saudi,Full,2016.0,2.7,320000.0,65000.0
Land Cruiser,Riyadh,Toyota,Automatic,Saudi,Full,2011.0,4.6,79000.0,145000.0
Rare,Riyadh,Hyundai,Automatic,Saudi,Semi Full,2020.0,2.0,44000.0,64000.0
Pajero,Riyadh,Mitsubishi,Automatic,Gulf Arabic,Standard,2015.0,3.5,103900.0,50000.0
Rare,Jeddah,Toyota,Automatic,Saudi,Full,2015.0,4.0,228000.0,90000.0
Tahoe,Rare,Chevrolet,Automatic,Saudi,Semi Full,2014.0,5.3,157000.0,68500.0
Sunny,Riyadh,Nissan,Automatic,Saudi,Standard,2019.0,1.5,88564.0,26800.0
Corolla,Jeddah,Toyota,Automatic,Saudi,Standard,2015.0,1.6,160000.0,27500.0
Prado,Riyadh,Toyota,Automatic,Gulf Arabic,Full,2019.0,4.0,82000.0,149500.0
Rare,Riyadh,Toyota,Automatic,Saudi,Semi Full,2020.0,4.0,17000.0,140000.0
Tahoe,Riyadh,Chevrolet,Automatic,Saudi,Standard,2015.0,5.3,233000.0,98000.0
Tahoe,Jeddah,Chevrolet,Automatic,Saudi,Standard,2017.0,5.3,136000.0,108000.0
Rare,Al-Ahsa,Ford,Automatic,Other,Standard,2017.0,1.4,187000.0,73500.0
Camry,Dammam,Toyota,Automatic,Gulf Arabic,Full,2016.0,2.6,183000.0,70000.0
Tahoe,Dammam,Chevrolet,Automatic,Other,Full,2015.0,5.3,193000.0,118000.0
Rare,Riyadh,Lexus,Automatic,Saudi,Full,2015.0,5.7,247000.0,165000.0
Accord,Riyadh,Honda,Automatic,Saudi,Semi Full,2014.0,4.0,349000.0,48000.0
Rare,Al-Medina,Ford,Automatic,Other,Full,2011.0,4.0,327000.0,26000.0
Rare,Al-Ahsa,Rare,Automatic,Saudi,Full,2009.0,5.2,200000.0,38000.0
Rare,Dammam,Rare,Automatic,Saudi,Full,2018.0,3.0,79800.0,160000.0
Rare,Riyadh,Rare,Automatic,Saudi,Full,2018.0,5.7,65000.0,123000.0
Rare,Al-Ahsa,Rare,Automatic,Other,Semi Full,2017.0,3.6,77000.0,82000.0
Rare,Riyadh,Rare,Automatic,Saudi,Standard,2017.0,2.0,83000.0,26000.0
Camry,Riyadh,Toyota,Automatic,Saudi,Standard,2019.0,2.5,124004.0,65000.0
Rare,Riyadh,Hyundai,Automatic,Saudi,Semi Full,2014.0,3.0,11111.0,49000.0
Land Cruiser,Dammam,Toyota,Manual,Gulf Arabic,Full,2016.0,4.0,220000.0,130000.0
Charger,Riyadh,Dodge,Automatic,Saudi,Semi Full,2016.0,5.7,236335.0,78500.0
Rare,Dammam,Kia,Automatic,Saudi,Semi Full,2014.0,2.0,241000.0,35000.0
Rare,Jeddah,Nissan,Automatic,Saudi,Standard,2018.0,2.5,78794.0,68000.0
Corolla,Riyadh,Toyota,Automatic,Saudi,Full,2020.0,1.6,58000.0,65000.0
Rare,Riyadh,Rare,Automatic,Saudi,Full,2019.0,2.4,32209.0,61000.0
Pajero,Riyadh,Mitsubishi,Automatic,Saudi,Full,2016.0,3.5,132000.0,56000.0
Rare,Riyadh,Hyundai,Automatic,Gulf Arabic,Full,2015.0,3.3,350000.0,52000.0
Rare,Al-Medina,Mitsubishi,Automatic,Saudi,Standard,2018.0,1.2,68000.0,26500.0
Rare,Qassim,Nissan,Automatic,Gulf Arabic,Semi Full,2015.0,2.5,94000.0,37000.0
Rare,Makkah,Toyota,Manual,Saudi,Full,2015.0,2.6,180000.0,80000.0
Hilux,Jubail,Toyota,Manual,Saudi,Semi Full,2017.0,2.7,146000.0,72000.0
Rare,Riyadh,Kia,Automatic,Saudi,Standard,2016.0,3.3,145000.0,63000.0
Rare,Riyadh,Rare,Automatic,Saudi,Standard,2020.0,1.5,37000.0,28000.0
Corolla,Al-Medina,Toyota,Automatic,Saudi,Standard,2013.0,1.6,186000.0,27000.0
Prado,Dammam,Toyota,Automatic,Saudi,Semi Full,2016.0,4.0,97000.0,119000.0
Land Cruiser,Riyadh,Toyota,Automatic,Gulf Arabic,Full,2015.0,5.7,143203.0,156500.0
Sonata,Riyadh,Hyundai,Automatic,Saudi,Semi Full,2018.0,2.4,108000.0,55000.0
Expedition,Riyadh,Ford,Automatic,Saudi,Semi Full,2013.0,5.4,250000.0,50000.0
Camry,Riyadh,Toyota,Automatic,Saudi,Full,2019.0,2.5,49000.0,82000.0
Sonata,Riyadh,Hyundai,Automatic,Saudi,Semi Full,2018.0,2.4,55000.0,57000.0
Rare,Riyadh,Mazda,Automatic,Saudi,Standard,2018.0,3.0,39000.0,58000.0
Rare,Riyadh,Hyundai,Automatic,Saudi,Semi Full,2013.0,2.4,318000.0,26000.0
Accent,Riyadh,Hyundai,Automatic,Saudi,Standard,2017.0,1.4,150000.0,31000.0
Rare,Riyadh,Nissan,Automatic,Saudi,Standard,2018.0,1.6,64000.0,36500.0
Accent,Dammam,Hyundai,Automatic,Saudi,Standard,2015.0,1.4,181802.0,25500.0
Rare,Makkah,Rare,Automatic,Saudi,Full,2015.0,6.0,130000.0,55000.0
6,Riyadh,Rare,Automatic,Gulf Arabic,Full,2014.0,1.8,79000.0,23000.0
Yukon,Taef,GMC,Automatic,Saudi,Semi Full,2009.0,5.3,200000.0,40000.0
Rare,Jeddah,Nissan,Manual,Saudi,Standard,2016.0,2.5,7000.0,65000.0
Tahoe,Dammam,Chevrolet,Automatic,Saudi,Standard,2016.0,5.3,194000.0,108000.0
Innova,Riyadh,Toyota,Automatic,Gulf Arabic,Full,2016.0,2.7,190000.0,65000.0
Rare,Dammam,Chevrolet,Automatic,Other,Full,2018.0,3.6,118000.0,119000.0
Rare,Jeddah,Hyundai,Automatic,Saudi,Standard,2018.0,2.0,120000.0,62000.0
Land Cruiser,Dammam,Toyota,Automatic,Saudi,Full,2015.0,4.0,180000.0,135000.0
Furniture,Dammam,Toyota,Automatic,Saudi,Semi Full,2018.0,2.7,224000.0,85000.0
Hilux,Riyadh,Toyota,Manual,Gulf Arabic,Standard,2012.0,2.7,171000.0,47500.0
Furniture,Jeddah,Toyota,Automatic,Saudi,Semi Full,2015.0,2.7,114900.0,55000.0
Rare,Riyadh,Kia,Automatic,Saudi,Semi Full,2014.0,1.6,157000.0,30000.0
Rare,Riyadh,Toyota,Manual,Saudi,Standard,2017.0,2.7,134007.0,70000.0
Accord,Riyadh,Honda,Automatic,Saudi,Standard,2012.0,1.0,251000.0,38000.0
Yaris,Jeddah,Toyota,Automatic,Saudi,Semi Full,2017.0,1.2,82000.0,34000.0
Taurus,Dammam,Ford,Automatic,Other,Semi Full,2015.0,3.5,103000.0,78000.0
Rare,Jeddah,BMW,Automatic,Saudi,Full,2011.0,2.5,74000.0,35000.0
Rare,Jeddah,Rare,Automatic,Gulf Arabic,Full,2015.0,2.5,90000.0,55000.0
Accent,Dammam,Hyundai,Automatic,Saudi,Standard,2018.0,1.4,63012.0,32000.0
Land Cruiser,Riyadh,Toyota,Automatic,Saudi,Full,2012.0,4.6,250000.0,85000.0
Rare,Riyadh,Lexus,Automatic,Saudi,Full,2014.0,3.5,124000.0,136000.0
Caprice,Riyadh,Chevrolet,Automatic,Saudi,Standard,2015.0,6.0,105000.0,80000.0
Rare,Aseer,Nissan,Manual,Saudi,Full,2015.0,2.4,200000.0,40000.0
ES,Tabouk,Lexus,Automatic,Saudi,Full,2013.0,3.6,137000.0,90000.0
Rare,Al-Medina,Mazda,Automatic,Saudi,Semi Full,2018.0,2.9,78000.0,54000.0
Corolla,Taef,Toyota,Automatic,Saudi,Standard,2018.0,1.6,65000.0,52000.0
Elantra,Aseer,Hyundai,Automatic,Saudi,Full,2015.0,2.0,245000.0,30000.0
Charger,Riyadh,Dodge,Automatic,Other,Full,2016.0,5.7,142000.0,89000.0
Pajero,Riyadh,Mitsubishi,Automatic,Gulf Arabic,Semi Full,2016.0,3.5,209000.0,50000.0
Taurus,Dammam,Ford,Automatic,Other,Semi Full,2016.0,3.5,108000.0,79000.0
Cerato,Dammam,Kia,Automatic,Saudi,Standard,2016.0,1.6,74000.0,36000.0
Tahoe,Dammam,Chevrolet,Automatic,Other,Semi Full,2018.0,3.0,127000.0,159000.0
Innova,Dammam,Toyota,Automatic,Saudi,Standard,2018.0,2.7,275916.0,67000.0
Corolla,Dammam,Toyota,Automatic,Saudi,Standard,2018.0,1.6,89000.0,45000.0
Furniture,Riyadh,Toyota,Manual,Saudi,Semi Full,2015.0,4.0,70346.0,80500.0
Accent,Dammam,Hyundai,Automatic,Saudi,Standard,2016.0,1.6,147000.0,24000.0
Rare,Riyadh,Toyota,Automatic,Saudi,Standard,2016.0,5.7,348000.0,79000.0
Accord,Qassim,Honda,Automatic,Gulf Arabic,Semi Full,2017.0,2.5,62847.0,82000.0
Rare,Riyadh,Rare,Automatic,Saudi,Standard,2018.0,2.0,53811.0,29500.0
Rare,Riyadh,Toyota,Automatic,Saudi,Semi Full,2021.0,3.5,6500.0,140000.0
Yaris,Riyadh,Toyota,Automatic,Saudi,Semi Full,2019.0,1.6,18000.0,36000.0
Rare,Riyadh,Hyundai,Automatic,Saudi,Standard,2019.0,1.6,24516.0,56500.0
Rare,Riyadh,Ford,Automatic,Saudi,Standard,2012.0,3.0,352000.0,38000.0
Rare,Riyadh,Kia,Automatic,Gulf Arabic,Full,2015.0,2.4,79680.0,49000.0
Rare,Makkah,Chevrolet,Automatic,Gulf Arabic,Standard,2013.0,2.5,168000.0,22000.0
Rare,Riyadh,Lexus,Automatic,Saudi,Full,2015.0,3.5,181000.0,60000.0
Rare,Qassim,Honda,Automatic,Gulf Arabic,Standard,2018.0,1.5,36000.0,35000.0
C,Riyadh,Mercedes,Automatic,Gulf Arabic,Full,2020.0,2.0,50000.0,150000.0
Rare,Makkah,Ford,Automatic,Saudi,Full,2013.0,3.5,317125.0,32000.0
Corolla,Dammam,Toyota,Automatic,Saudi,Standard,2017.0,1.6,86782.0,46000.0
Rare,Riyadh,Rare,Automatic,Saudi,Full,2010.0,3.6,240000.0,32000.0
Rare,Riyadh,Kia,Automatic,Saudi,Standard,2016.0,3.5,130000.0,56000.0
Tahoe,Jeddah,Chevrolet,Automatic,Saudi,Semi Full,2017.0,5.7,55000.0,153000.0
Tahoe,Jeddah,Chevrolet,Automatic,Saudi,Standard,2012.0,5.3,61000.0,80000.0
Rare,Riyadh,Nissan,Automatic,Saudi,Semi Full,2014.0,2.5,178754.0,45000.0
Yaris,Dammam,Toyota,Automatic,Saudi,Standard,2016.0,1.5,133300.0,26000.0
Camry,Makkah,Toyota,Automatic,Other,Full,2009.0,2.5,350000.0,25000.0
Taurus,Dammam,Ford,Automatic,Other,Semi Full,2018.0,3.5,100000.0,89000.0
Hilux,Riyadh,Toyota,Manual,Saudi,Standard,2016.0,2.7,155000.0,61000.0
Sonata,Jeddah,Hyundai,Automatic,Saudi,Standard,2018.0,2.4,41853.0,60000.0
Rare,Al-Ahsa,Lexus,Automatic,Other,Full,2010.0,3.5,165000.0,45000.0
Furniture,Riyadh,Toyota,Automatic,Saudi,Full,2018.0,1.0,68000.0,125000.0
Rare,Riyadh,Kia,Automatic,Saudi,Standard,2012.0,3.6,147000.0,25000.0
Rare,Riyadh,Toyota,Automatic,Saudi,Full,2015.0,4.0,259880.0,89000.0
Expedition,Al-Ahsa,Ford,Automatic,Saudi,Full,2012.0,5.4,289000.0,57000.0
Rare,Riyadh,Hyundai,Automatic,Saudi,Semi Full,2019.0,1.6,42000.0,75000.0
6,Dammam,Mazda,Automatic,Saudi,Standard,2016.0,2.5,267000.0,50000.0
Rare,Riyadh,Rare,Automatic,Saudi,Semi Full,2015.0,3.0,125000.0,165000.0
Camry,Dammam,Toyota,Automatic,Saudi,Standard,2015.0,2.5,179622.0,48000.0
Rare,Tabouk,Toyota,Automatic,Saudi,Semi Full,2019.0,3.5,60000.0,115000.0
Rare,Dammam,BMW,Automatic,Gulf Arabic,Semi Full,2020.0,2.0,22000.0,130000.0
Accent,Dammam,Hyundai,Automatic,Saudi,Standard,2019.0,1.4,62400.0,40000.0
Camry,Riyadh,Toyota,Automatic,Saudi,Standard,2016.0,2.5,183541.0,53000.0
Rare,Dammam,Ford,Automatic,Saudi,Semi Full,2012.0,3.5,277000.0,30000.0
ES,Rare,Lexus,Automatic,Saudi,Standard,2009.0,3.6,300000.0,43000.0
Sonata,Dammam,Hyundai,Automatic,Saudi,Standard,2017.0,2.4,109191.0,54000.0
Rare,Riyadh,Ford,Automatic,Saudi,Semi Full,2010.0,3.5,280000.0,26000.0
Rare,Dammam,Hyundai,Automatic,Saudi,Full,2015.0,3.0,272783.0,36000.0
Elantra,Al-Ahsa,Hyundai,Automatic,Gulf Arabic,Full,2017.0,1.6,136000.0,39000.0
C,Riyadh,Mercedes,Automatic,Other,Full,2016.0,2.0,120000.0,114000.0
Rare,Qassim,Ford,Automatic,Saudi,Full,2015.0,2.0,40000.0,90000.0
Pajero,Riyadh,Mitsubishi,Automatic,Saudi,Standard,2016.0,3.5,137000.0,55000.0
Land Cruiser,Jeddah,Toyota,Automatic,Gulf Arabic,Full,2011.0,4.5,193000.0,110000.0
Land Cruiser,Riyadh,Toyota,Automatic,Saudi,Full,2013.0,4.6,275000.0,125000.0
Rare,Riyadh,Nissan,Automatic,Saudi,Standard,2017.0,1.6,50700.0,37000.0
Cerato,Riyadh,Kia,Automatic,Gulf Arabic,Standard,2016.0,1.6,118000.0,34000.0
Rare,Jeddah,Dodge,Automatic,Saudi,Full,2013.0,6.4,249000.0,70000.0
Elantra,Dammam,Hyundai,Automatic,Saudi,Standard,2020.0,2.0,130000.0,53000.0
Rare,Aseer,Chevrolet,Automatic,Saudi,Full,2016.0,5.3,96000.0,95000.0
Rare,Riyadh,Kia,Automatic,Saudi,Standard,2017.0,1.4,144024.0,27500.0
Rare,Qassim,Rare,Automatic,Saudi,Full,2020.0,2.4,37000.0,58000.0
Rare,Riyadh,Mercedes,Automatic,Gulf Arabic,Full,2016.0,3.0,114000.0,106000.0
Tahoe,Al-Ahsa,Chevrolet,Automatic,Saudi,Semi Full,2008.0,5.3,247000.0,42500.0
Rare,Taef,Rare,Automatic,Saudi,Full,2016.0,1.8,42420.0,35000.0
Rare,Qassim,Chevrolet,Automatic,Saudi,Standard,2018.0,2.0,135000.0,46500.0
Land Cruiser,Dammam,Toyota,Automatic,Saudi,Full,2013.0,4.6,281000.0,135000.0
Sierra,Riyadh,GMC,Automatic,Saudi,Standard,2018.0,5.3,126000.0,111000.0
Tahoe,Riyadh,Chevrolet,Automatic,Saudi,Semi Full,2013.0,5.3,200000.0,55000.0
Prado,Jeddah,Toyota,Automatic,Saudi,Full,2015.0,3.6,225989.0,84000.0
Cerato,Jeddah,Kia,Automatic,Saudi,Standard,2019.0,1.6,43632.0,45500.0
Prado,Riyadh,Toyota,Automatic,Saudi,Semi Full,2017.0,2.7,175000.0,108000.0
Taurus,Dammam,Ford,Automatic,Saudi,Standard,2014.0,2.0,152000.0,55000.0
Sonata,Rare,Hyundai,Automatic,Other,Full,2015.0,2.0,110000.0,43000.0
Camry,Dammam,Toyota,Automatic,Saudi,Semi Full,2010.0,2.5,240000.0,30000.0
Elantra,Riyadh,Hyundai,Automatic,Saudi,Standard,2019.0,2.0,22999.0,53000.0
Rare,Riyadh,Hyundai,Automatic,Saudi,Semi Full,2018.0,3.5,79000.0,75000.0
Rare,Riyadh,Hyundai,Automatic,Saudi,Semi Full,2019.0,1.0,67000.0,75000.0
Hilux,Riyadh,Toyota,Manual,Gulf Arabic,Full,2020.0,2.7,15000.0,105500.0
Elantra,Riyadh,Hyundai,Automatic,Saudi,Standard,2019.0,2.0,70568.0,51500.0
Furniture,Jeddah,Toyota,Automatic,Saudi,Semi Full,2017.0,4.0,37800.0,106000.0
Rare,Riyadh,Rare,Automatic,Saudi,Full,2016.0,2.4,163000.0,42000.0
Yukon,Riyadh,GMC,Automatic,Saudi,Semi Full,2018.0,6.0,168000.0,150000.0
Rare,Qassim,Nissan,Automatic,Saudi,Full,2013.0,4.0,95000.0,61000.0
Rare,Dammam,Rare,Automatic,Gulf Arabic,Full,2016.0,2.0,110000.0,83000.0
Rare,Al-Medina,Jeep,Automatic,Saudi,Full,2015.0,5.7,215000.0,65000.0
Rare,Dammam,Chevrolet,Manual,Saudi,Standard,2013.0,2.0,196000.0,28000.0
Sunny,Riyadh,Nissan,Automatic,Saudi,Standard,2019.0,1.5,93000.0,29500.0
Corolla,Dammam,Toyota,Automatic,Saudi,Standard,2018.0,1.6,67000.0,52000.0
Sunny,Riyadh,Nissan,Automatic,Saudi,Standard,2019.0,1.5,123291.0,29500.0
Taurus,Jeddah,Ford,Automatic,Saudi,Standard,2016.0,3.5,103000.0,70000.0
Accent,Riyadh,Hyundai,Automatic,Saudi,Standard,2019.0,1.4,89685.0,34500.0
Rare,Dammam,Chevrolet,Automatic,Saudi,Standard,2015.0,5.3,201000.0,105000.0
Furniture,Riyadh,Toyota,Automatic,Other,Semi Full,2013.0,2.4,170000.0,55000.0
Rare,Al-Ahsa,Kia,Automatic,Saudi,Semi Full,2013.0,3.5,256000.0,28000.0
Rare,Rare,Toyota,Manual,Saudi,Semi Full,2011.0,4.0,352500.0,58000.0
Tahoe,Riyadh,Chevrolet,Automatic,Saudi,Semi Full,2019.0,5.3,33000.0,163000.0
Taurus,Dammam,Ford,Automatic,Saudi,Standard,2019.0,2.0,48000.0,80000.0
Rare,Riyadh,BMW,Automatic,Saudi,Semi Full,2013.0,2.0,156000.0,45000.0
Rare,Taef,Nissan,Manual,Other,Full,2015.0,2.4,261000.0,35000.0
Rare,Dammam,Toyota,Automatic,Saudi,Semi Full,2017.0,4.0,127000.0,117000.0
Sonata,Riyadh,Hyundai,Automatic,Saudi,Semi Full,2016.0,2.4,305000.0,45000.0
Impala,Dammam,Chevrolet,Automatic,Saudi,Standard,2016.0,3.5,91000.0,55000.0
Rare,Qassim,Ford,Automatic,Saudi,Standard,2014.0,3.5,128500.0,49000.0
Rare,Riyadh,Hyundai,Automatic,Saudi,Full,2019.0,2.0,63000.0,62000.0
Rare,Jeddah,Hyundai,Automatic,Saudi,Full,2016.0,3.5,146000.0,56500.0
Accord,Rare,Honda,Automatic,Other,Standard,2017.0,2.4,141000.0,55000.0
Expedition,Riyadh,Ford,Automatic,Saudi,Standard,2014.0,5.4,143000.0,60000.0
Corolla,Khobar,Toyota,Automatic,Other,Semi Full,2015.0,1.6,309000.0,32000.0
Rare,Riyadh,Kia,Automatic,Saudi,Standard,2015.0,3.3,94283.0,55500.0
Furniture,Riyadh,Toyota,Automatic,Saudi,Semi Full,2020.0,4.0,20406.0,132000.0
Rare,Rare,Hyundai,Automatic,Saudi,Semi Full,2012.0,2.4,126000.0,42000.0
Taurus,Dammam,Ford,Automatic,Saudi,Standard,2017.0,3.5,123000.0,69000.0
Corolla,Jeddah,Toyota,Automatic,Saudi,Standard,2016.0,1.6,139000.0,38000.0
Rare,Riyadh,Rare,Automatic,Saudi,Full,2018.0,3.0,109000.0,49000.0
Taurus,Riyadh,Ford,Automatic,Saudi,Standard,2017.0,3.5,158039.0,75000.0
Rare,Qassim,Ford,Automatic,Gulf Arabic,Full,2018.0,5.0,59790.0,135000.0
Rare,Qassim,Nissan,Manual,Gulf Arabic,Standard,2014.0,4.8,244000.0,50000.0
Rare,Rare,Nissan,Manual,Saudi,Standard,2016.0,2.5,185000.0,43000.0
Rare,Makkah,Toyota,Automatic,Saudi,Semi Full,2009.0,5.7,275000.0,55000.0
Caprice,Riyadh,Chevrolet,Automatic,Saudi,Standard,2013.0,6.0,124628.0,75000.0
Rare,Riyadh,Rare,Automatic,Saudi,Full,2016.0,1.5,155000.0,45000.0
Camry,Dammam,Toyota,Automatic,Gulf Arabic,Standard,2017.0,2.5,107000.0,50000.0
Rare,Riyadh,Nissan,Automatic,Saudi,Full,2017.0,1.0,135000.0,73000.0
Rare,Riyadh,Nissan,Automatic,Saudi,Semi Full,2017.0,2.5,40000.0,67000.0
Accent,Dammam,Hyundai,Automatic,Saudi,Standard,2016.0,1.4,151000.0,24000.0
Rare,Tabouk,Nissan,Manual,Saudi,Full,2015.0,1.1,215267.0,31000.0
Elantra,Taef,Hyundai,Automatic,Saudi,Standard,2015.0,1.6,227000.0,28000.0
Taurus,Rare,Ford,Automatic,Saudi,Standard,2018.0,3.5,88000.0,78000.0
Furniture,Riyadh,Toyota,Automatic,Saudi,Semi Full,2012.0,2.0,202245.0,41000.0
ES,Riyadh,Lexus,Automatic,Gulf Arabic,Full,2017.0,3.5,100000.0,115000.0
Sierra,Dammam,GMC,Automatic,Saudi,Full,2011.0,6.2,165000.0,65000.0
Rare,Qassim,Toyota,Manual,Gulf Arabic,Standard,2016.0,2.7,146000.0,55000.0
Prado,Aseer,Toyota,Automatic,Saudi,Semi Full,2015.0,4.0,160000.0,105000.0
Rare,Jeddah,Nissan,Automatic,Other,Full,2015.0,2.5,19000.0,38000.0
Rare,Jeddah,Lexus,Automatic,Saudi,Full,2015.0,3.5,73000.0,110000.0
Rare,Riyadh,Toyota,Manual,Gulf Arabic,Semi Full,2015.0,2.7,23000.0,49000.0
Rare,Dammam,Mercedes,Automatic,Saudi,Full,2011.0,4.0,60000.0,170000.0
Rare,Riyadh,Rare,Automatic,Saudi,Full,2014.0,2.0,163672.0,55000.0
Caprice,Tabouk,Chevrolet,Automatic,Saudi,Semi Full,2015.0,6.0,235000.0,65000.0
Camry,Riyadh,Toyota,Automatic,Saudi,Standard,2016.0,2.5,136111.0,53500.0
Corolla,Riyadh,Toyota,Automatic,Saudi,Semi Full,2020.0,1.6,11000.0,63000.0
Yukon,Makkah,GMC,Automatic,Other,Full,2015.0,5.3,130000.0,128000.0
Rare,Qassim,Rare,Automatic,Saudi,Semi Full,2015.0,4.0,183000.0,69000.0
Yukon,Dammam,GMC,Automatic,Saudi,Standard,2013.0,5.3,327000.0,45000.0
Rare,Jazan,GMC,Automatic,Saudi,Standard,2016.0,2.4,151000.0,45000.0
Expedition,Jeddah,Ford,Automatic,Saudi,Standard,2016.0,3.6,127500.0,79000.0
Rare,Riyadh,Chevrolet,Automatic,Saudi,Standard,2019.0,1.4,96342.0,25000.0
Cerato,Al-Ahsa,Kia,Automatic,Gulf Arabic,Semi Full,2017.0,1.6,78000.0,37500.0
Hilux,Dammam,Toyota,Manual,Saudi,Standard,2015.0,2.7,183000.0,60000.0
Innova,Riyadh,Toyota,Automatic,Saudi,Standard,2017.0,2.7,203312.0,62500.0
Rare,Al-Medina,Rare,Automatic,Saudi,Semi Full,2018.0,3.0,92000.0,88000.0
Accent,Dammam,Hyundai,Automatic,Saudi,Standard,2017.0,1.4,97700.0,30000.0
Rare,Jeddah,Kia,Automatic,Saudi,Semi Full,2015.0,1.6,37000.0,33000.0
Camry,Qassim,Toyota,Automatic,Saudi,Full,2016.0,2.5,155000.0,52000.0
Rare,Riyadh,Hyundai,Automatic,Saudi,Standard,2016.0,3.3,134000.0,48000.0
Rare,Jeddah,Rare,Automatic,Gulf Arabic,Full,2009.0,1.8,223000.0,27000.0
Rare,Khobar,BMW,Automatic,Saudi,Full,2017.0,1.4,110000.0,75000.0
Rare,Qassim,Mazda,Automatic,Saudi,Full,2020.0,2.0,9500.0,132000.0
Accord,Riyadh,Honda,Automatic,Saudi,Full,2018.0,2.0,105000.0,85000.0
Rare,Dammam,Kia,Automatic,Gulf Arabic,Semi Full,2018.0,3.3,81000.0,70000.0
Impala,Qassim,Chevrolet,Automatic,Saudi,Semi Full,2019.0,3.5,91000.0,74000.0
Prado,Dammam,Toyota,Automatic,Saudi,Full,2016.0,4.0,69900.0,128000.0
Taurus,Dammam,Ford,Automatic,Other,Full,2016.0,3.5,110000.0,75000.0
Accent,Jeddah,Hyundai,Automatic,Saudi,Standard,2019.0,1.4,72000.0,36500.0
Accent,Al-Medina,Hyundai,Automatic,Saudi,Standard,2019.0,1.4,33000.0,40000.0
Accent,Dammam,Hyundai,Automatic,Saudi,Standard,2017.0,1.4,88000.0,34000.0
Rare,Al-Medina,Mazda,Automatic,Saudi,Standard,2018.0,2.0,30000.0,54000.0
6,Riyadh,Mazda,Automatic,Saudi,Standard,2019.0,2.5,129000.0,65000.0
Taurus,Dammam,Ford,Automatic,Other,Full,2015.0,3.5,104000.0,72000.0
Rare,Riyadh,Rare,Automatic,Saudi,Full,2019.0,1.8,43000.0,45000.0
Rare,Al-Medina,Toyota,Manual,Saudi,Standard,2014.0,6.0,192000.0,73000.0
Elantra,Qassim,Hyundai,Automatic,Other,Semi Full,2017.0,1.6,91269.0,50000.0
Rare,Riyadh,Nissan,Manual,Saudi,Standard,2016.0,2.5,151000.0,37000.0
Rare,Dammam,Ford,Automatic,Saudi,Standard,2011.0,5.0,133000.0,33000.0
Rare,Riyadh,Kia,Automatic,Gulf Arabic,Full,2018.0,3.3,69000.0,95000.0
Camry,Riyadh,Toyota,Automatic,Saudi,Standard,2018.0,2.5,85000.0,75000.0
Prado,Dammam,Toyota,Automatic,Gulf Arabic,Full,2019.0,4.0,89000.0,151000.0
Elantra,Riyadh,Hyundai,Automatic,Saudi,Standard,2017.0,2.0,96000.0,43000.0
Accent,Dammam,Hyundai,Automatic,Saudi,Standard,2017.0,1.6,169700.0,30000.0
Hilux,Riyadh,Toyota,Manual,Saudi,Full,2017.0,2.7,100000.0,90000.0
Rare,Riyadh,Kia,Automatic,Saudi,Standard,2016.0,3.3,122000.0,50000.0
Rare,Jeddah,Nissan,Automatic,Saudi,Full,2012.0,5.6,138000.0,60000.0
Rare,Makkah,Mercedes,Automatic,Saudi,Full,2013.0,5.0,147000.0,160000.0
Rare,Dammam,Ford,Automatic,Other,Full,2011.0,4.6,129000.0,25000.0
Sonata,Riyadh,Hyundai,Automatic,Saudi,Standard,2017.0,2.4,61184.0,54000.0
Rare,Jeddah,Honda,Automatic,Saudi,Full,2016.0,2.0,68800.0,55000.0
Tahoe,Riyadh,Chevrolet,Automatic,Saudi,Semi Full,2013.0,5.3,342000.0,53000.0
Rare,Khobar,Lexus,Automatic,Saudi,Full,2015.0,4.6,103000.0,170000.0
Rare,Riyadh,Rare,Automatic,Saudi,Full,2016.0,2.0,108000.0,80000.0
Rare,Riyadh,Hyundai,Automatic,Saudi,Standard,2015.0,2.4,144000.0,50000.0
Rare,Jeddah,Dodge,Automatic,Saudi,Standard,2014.0,5.7,170000.0,44000.0
Rare,Dammam,Ford,Automatic,Saudi,Semi Full,2015.0,2.5,157000.0,47000.0
Rare,Dammam,Honda,Automatic,Saudi,Semi Full,2016.0,3.5,71000.0,63000.0
Rare,Jeddah,Honda,Automatic,Saudi,Semi Full,2016.0,1.6,103000.0,85000.0
Yaris,Dammam,Toyota,Automatic,Saudi,Standard,2016.0,1.5,180000.0,28500.0
6,Jubail,Mazda,Automatic,Saudi,Standard,2019.0,2.5,143000.0,68000.0
Rare,Riyadh,Rare,Automatic,Saudi,Full,2020.0,2.0,16000.0,72000.0
Rare,Dammam,Rare,Automatic,Saudi,Full,2010.0,5.0,58000.0,175000.0
Rare,Dammam,Rare,Automatic,Saudi,Full,2015.0,3.0,120000.0,155000.0
Rare,Dammam,Mercedes,Automatic,Saudi,Full,2014.0,4.6,139000.0,135000.0
Rare,Riyadh,Rare,Manual,Saudi,Standard,2016.0,2.5,275000.0,55500.0
Yaris,Dammam,Toyota,Automatic,Saudi,Standard,2016.0,1.5,119000.0,32000.0
Accord,Jeddah,Honda,Automatic,Saudi,Semi Full,2019.0,2.0,18000.0,95000.0
Rare,Rare,Chevrolet,Automatic,Saudi,Semi Full,2016.0,5.3,179000.0,95000.0
Sonata,Riyadh,Hyundai,Automatic,Saudi,Full,2017.0,2.4,88718.0,58000.0
Sunny,Riyadh,Nissan,Automatic,Saudi,Semi Full,2018.0,1.5,58244.0,30000.0
Caprice,Riyadh,Chevrolet,Automatic,Saudi,Semi Full,2009.0,6.0,135000.0,32000.0
Rare,Al-Ahsa,Rare,Automatic,Other,Full,2016.0,4.3,87000.0,167000.0
Rare,Riyadh,Rare,Automatic,Saudi,Full,2012.0,5.4,205000.0,77000.0
Camry,Qassim,Toyota,Automatic,Gulf Arabic,Standard,2016.0,2.5,116987.0,58000.0
Rare,Dammam,Mazda,Automatic,Other,Full,2017.0,3.0,93000.0,111000.0
Taurus,Dammam,Ford,Automatic,Other,Full,2015.0,3.5,121000.0,82000.0
Elantra,Al-Ahsa,Hyundai,Automatic,Saudi,Full,2015.0,2.0,250000.0,32000.0
Taurus,Riyadh,Ford,Automatic,Saudi,Standard,2016.0,3.5,136000.0,58000.0
Rare,Dammam,Hyundai,Automatic,Saudi,Standard,2018.0,1.6,146000.0,75000.0
Tahoe,Riyadh,Chevrolet,Automatic,Saudi,Semi Full,2016.0,5.3,105286.0,136000.0
Rare,Riyadh,Nissan,Automatic,Saudi,Semi Full,2016.0,3.5,100943.0,63500.0
Rare,Riyadh,Rare,Automatic,Saudi,Full,2017.0,2.5,103503.0,64000.0
Yaris,Riyadh,Toyota,Automatic,Saudi,Standard,2017.0,1.6,167000.0,29000.0
Rare,Riyadh,Honda,Automatic,Saudi,Standard,2021.0,1.8,6018.0,62000.0
Rare,Riyadh,Jeep,Automatic,Gulf Arabic,Full,2014.0,5.7,76300.0,85000.0
Furniture,Riyadh,Toyota,Automatic,Saudi,Full,2020.0,4.0,20000.0,130000.0
Hilux,Dammam,Toyota,Manual,Gulf Arabic,Standard,2016.0,2.7,97173.0,64000.0
Tahoe,Riyadh,Chevrolet,Automatic,Saudi,Standard,2016.0,5.3,139000.0,110000.0
Furniture,Al-Ahsa,Toyota,Automatic,Saudi,Semi Full,2017.0,2.7,70000.0,75000.0
Rare,Jeddah,Nissan,Manual,Saudi,Semi Full,2015.0,2.0,130000.0,32000.0
Impala,Riyadh,Chevrolet,Automatic,Saudi,Full,2015.0,3.6,212000.0,64000.0
Camry,Riyadh,Toyota,Automatic,Saudi,Full,2016.0,4.0,260000.0,53000.0
Sonata,Riyadh,Hyundai,Automatic,Saudi,Semi Full,2016.0,2.4,96400.0,49000.0
Innova,Dammam,Toyota,Automatic,Gulf Arabic,Full,2015.0,2.7,14000.0,43000.0
ES,Jeddah,Lexus,Automatic,Gulf Arabic,Full,2016.0,3.5,86000.0,125000.0
Accord,Qassim,Honda,Automatic,Gulf Arabic,Standard,2016.0,2.4,130000.0,61000.0
Prado,Dammam,Toyota,Automatic,Gulf Arabic,Semi Full,2018.0,4.0,80000.0,142000.0
Cerato,Dammam,Kia,Automatic,Gulf Arabic,Standard,2015.0,1.6,141000.0,25000.0
Expedition,Aseer,Ford,Automatic,Saudi,Semi Full,2014.0,5.4,140000.0,36000.0
Camry,Riyadh,Toyota,Automatic,Saudi,Full,2020.0,2.5,22000.0,77000.0
Rare,Dammam,Rare,Automatic,Saudi,Full,2016.0,3.0,42000.0,165000.0
Rare,Riyadh,Honda,Automatic,Gulf Arabic,Full,2016.0,4.0,51000.0,43000.0
Tahoe,Riyadh,Chevrolet,Automatic,Saudi,Full,2012.0,5.3,287928.0,58000.0
Sonata,Riyadh,Hyundai,Automatic,Saudi,Standard,2018.0,2.5,63000.0,58000.0
Rare,Jubail,Chevrolet,Automatic,Gulf Arabic,Full,2012.0,3.6,176000.0,40000.0
Rare,Dammam,Kia,Automatic,Saudi,Full,2016.0,2.4,161000.0,68000.0
Rare,Riyadh,Ford,Manual,Saudi,Semi Full,2010.0,4.0,169000.0,50000.0
Rare,Riyadh,Toyota,Manual,Saudi,Standard,2016.0,2.7,184000.0,70000.0
Sonata,Riyadh,Hyundai,Automatic,Saudi,Standard,2016.0,2.4,191000.0,45000.0
Land Cruiser,Dammam,Toyota,Automatic,Saudi,Full,2013.0,4.0,200000.0,125000.0
Rare,Rare,Mazda,Automatic,Saudi,Standard,2019.0,2.5,84000.0,75000.0
Rare,Riyadh,Rare,Automatic,Saudi,Full,2017.0,1.8,107000.0,37000.0
Yukon,Jazan,GMC,Automatic,Saudi,Semi Full,2011.0,5.3,307216.0,30000.0
Land Cruiser,Riyadh,Toyota,Manual,Saudi,Full,2015.0,4.0,136000.0,140000.0
Charger,Abha,Dodge,Automatic,Saudi,Full,2013.0,5.7,216841.0,40000.0
Rare,Aseer,Toyota,Automatic,Saudi,Full,2012.0,3.5,225000.0,75000.0
Rare,Riyadh,Nissan,Automatic,Saudi,Semi Full,2017.0,1.0,121000.0,64000.0
Land Cruiser,Dammam,Toyota,Automatic,Saudi,Full,2011.0,4.7,140000.0,110000.0
Rare,Jeddah,Hyundai,Automatic,Saudi,Standard,2017.0,1.6,17005.0,70000.0
Rare,Riyadh,Rare,Automatic,Saudi,Semi Full,2015.0,1.6,132000.0,23000.0
Rare,Dammam,Rare,Automatic,Saudi,Full,2019.0,1.4,17000.0,70000.0
Camry,Dammam,Toyota,Automatic,Saudi,Full,2017.0,2.5,135000.0,73000.0
Rare,Riyadh,Rare,Automatic,Saudi,Full,2018.0,3.6,27000.0,150000.0
C,Dammam,Mercedes,Automatic,Other,Full,2016.0,2.0,99000.0,129000.0
C,Al-Medina,Mercedes,Automatic,Saudi,Full,2017.0,2.5,118000.0,119000.0
Rare,Dammam,Toyota,Manual,Saudi,Full,2018.0,4.0,28000.0,147000.0
Hilux,Jazan,Toyota,Manual,Saudi,Semi Full,2017.0,2.7,106737.0,75000.0
Land Cruiser,Taef,Toyota,Automatic,Saudi,Semi Full,2014.0,4.6,346000.0,130000.0
Rare,Riyadh,Rare,Automatic,Saudi,Standard,2020.0,1.5,36833.0,28500.0
Rare,Riyadh,Hyundai,Automatic,Saudi,Semi Full,2013.0,3.3,282000.0,43000.0
Yaris,Riyadh,Toyota,Automatic,Saudi,Full,2015.0,1.5,203429.0,29000.0
Rare,Riyadh,Rare,Automatic,Saudi,Semi Full,2012.0,3.0,70000.0,50000.0
Rare,Jeddah,Nissan,Automatic,Saudi,Standard,2017.0,2.5,181000.0,37000.0
Sonata,Riyadh,Hyundai,Automatic,Saudi,Semi Full,2019.0,2.4,78000.0,62000.0
Rare,Riyadh,Rare,Automatic,Saudi,Full,2020.0,1.5,23000.0,44000.0
Rare,Riyadh,Rare,Automatic,Saudi,Semi Full,2020.0,1.8,15000.0,60000.0
Yaris,Dammam,Toyota,Automatic,Saudi,Semi Full,2016.0,1.5,9800.0,32000.0
Sunny,Al-Medina,Nissan,Automatic,Saudi,Standard,2019.0,1.5,98000.0,27500.0
Accord,Riyadh,Honda,Automatic,Saudi,Semi Full,2014.0,2.4,59200.0,76500.0
Taurus,Jeddah,Ford,Automatic,Saudi,Standard,2018.0,2.0,91000.0,77000.0
Rare,Riyadh,Hyundai,Automatic,Saudi,Semi Full,2016.0,3.3,62000.0,55000.0
Rare,Riyadh,Dodge,Automatic,Saudi,Full,2014.0,5.7,155000.0,68000.0
Yaris,Riyadh,Toyota,Automatic,Saudi,Full,2015.0,1.5,204000.0,27500.0
Rare,Jeddah,Mitsubishi,Automatic,Saudi,Standard,2016.0,1.6,18000.0,39000.0
Rare,Riyadh,Kia,Automatic,Gulf Arabic,Standard,2016.0,1.4,180000.0,28000.0
Rare,Dammam,Hyundai,Automatic,Saudi,Semi Full,2016.0,3.3,212000.0,57000.0
Rare,Riyadh,Nissan,Automatic,Saudi,Standard,2017.0,2.5,122000.0,44000.0
Rare,Jeddah,Rare,Automatic,Saudi,Full,2016.0,1.6,128000.0,25000.0
Rare,Riyadh,Nissan,Automatic,Saudi,Semi Full,2015.0,5.8,129500.0,40000.0
Rare,Riyadh,Kia,Automatic,Saudi,Semi Full,2016.0,2.4,190000.0,42000.0
Innova,Dammam,Toyota,Automatic,Saudi,Semi Full,2014.0,2.7,141000.0,55000.0
Caprice,Riyadh,Chevrolet,Automatic,Saudi,Standard,2012.0,6.0,260000.0,52000.0
Rare,Riyadh,Ford,Automatic,Gulf Arabic,Semi Full,2013.0,3.0,318000.0,40000.0
Accord,Taef,Honda,Automatic,Saudi,Semi Full,2018.0,2.4,119041.0,70000.0
Rare,Dammam,Lexus,Automatic,Other,Full,2017.0,3.5,81000.0,165000.0
Rare,Riyadh,Kia,Automatic,Saudi,Full,2017.0,3.3,88000.0,83000.0
Hilux,Rare,Toyota,Manual,Saudi,Full,2018.0,2.7,35000.0,85000.0
Innova,Riyadh,Toyota,Automatic,Saudi,Standard,2020.0,2.7,24552.0,76500.0
Rare,Riyadh,Nissan,Automatic,Saudi,Semi Full,2013.0,3.5,127000.0,38000.0
Sunny,Riyadh,Nissan,Automatic,Saudi,Standard,2019.0,1.5,96341.0,26000.0
Rare,Riyadh,Lexus,Automatic,Saudi,Semi Full,2013.0,3.5,287000.0,85000.0
Elantra,Riyadh,Hyundai,Automatic,Saudi,Full,2014.0,2.0,290000.0,33500.0
Rare,Dammam,Rare,Automatic,Saudi,Full,2013.0,5.6,223000.0,80000.0
Rare,Riyadh,Rare,Manual,Saudi,Standard,2018.0,2.5,52849.0,69500.0
Rare,Riyadh,Kia,Automatic,Saudi,Full,2018.0,3.3,148884.0,65000.0
Yukon,Dammam,GMC,Automatic,Saudi,Semi Full,2013.0,5.3,289000.0,55000.0
Rare,Jubail,Chevrolet,Automatic,Saudi,Semi Full,2018.0,5.3,112000.0,77000.0
Rare,Riyadh,Hyundai,Automatic,Saudi,Standard,2018.0,2.4,129000.0,55000.0
Prado,Riyadh,Toyota,Automatic,Saudi,Semi Full,2016.0,4.0,192901.0,114500.0
Prado,Riyadh,Toyota,Automatic,Gulf Arabic,Full,2019.0,4.0,58000.0,151000.0
Rare,Qassim,Toyota,Automatic,Saudi,Standard,2017.0,1.8,50000.0,54900.0
Land Cruiser,Riyadh,Toyota,Automatic,Gulf Arabic,Full,2010.0,4.6,310000.0,81000.0
Rare,Jeddah,Rare,Manual,Other,Full,2017.0,1.4,100000.0,69000.0
C,Dammam,Mercedes,Automatic,Saudi,Semi Full,2016.0,2.0,140000.0,105000.0
Taurus,Jeddah,Ford,Automatic,Saudi,Standard,2019.0,2.0,26000.0,84000.0
Rare,Riyadh,Rare,Automatic,Saudi,Full,2017.0,2.4,65000.0,45000.0
Taurus,Dammam,Ford,Automatic,Saudi,Standard,2018.0,2.0,69000.0,82000.0
Tahoe,Al-Ahsa,Chevrolet,Automatic,Saudi,Standard,2011.0,5.3,250000.0,40000.0
Rare,Dammam,BMW,Automatic,Gulf Arabic,Semi Full,2020.0,1.9,7800.0,177000.0
Rare,Riyadh,Nissan,Automatic,Saudi,Semi Full,2014.0,1.5,225000.0,26000.0
Impala,Riyadh,Chevrolet,Automatic,Gulf Arabic,Semi Full,2019.0,3.6,85000.0,73000.0
Sonata,Riyadh,Hyundai,Automatic,Saudi,Standard,2019.0,2.4,63000.0,60000.0
Rare,Riyadh,Toyota,Manual,Gulf Arabic,Semi Full,2015.0,2.7,200000.0,47000.0
Impala,Dammam,Chevrolet,Automatic,Gulf Arabic,Standard,2019.0,3.6,144000.0,77000.0
Rare,Al-Ahsa,Rare,Automatic,Saudi,Full,2020.0,1.8,46000.0,62000.0
Tahoe,Jeddah,Chevrolet,Automatic,Saudi,Semi Full,2013.0,5.3,211257.0,60000.0
6,Riyadh,Mazda,Automatic,Gulf Arabic,Semi Full,2018.0,2.0,25712.0,78000.0
Rare,Qassim,Toyota,Automatic,Saudi,Semi Full,2014.0,1.6,28000.0,75000.0
Rare,Riyadh,Toyota,Automatic,Saudi,Standard,2018.0,2.5,56000.0,71000.0
Camry,Riyadh,Toyota,Automatic,Saudi,Standard,2019.0,2.5,105285.0,81500.0
Rare,Riyadh,Dodge,Automatic,Saudi,Semi Full,2011.0,5.7,190000.0,40000.0
Rare,Jeddah,Honda,Automatic,Saudi,Semi Full,2019.0,1.6,41000.0,67000.0
Pajero,Riyadh,Mitsubishi,Automatic,Gulf Arabic,Full,2016.0,3.8,260000.0,60000.0
Accent,Al-Ahsa,Hyundai,Automatic,Saudi,Semi Full,2018.0,1.4,95000.0,41000.0
Accent,Dammam,Hyundai,Automatic,Saudi,Standard,2018.0,1.4,127000.0,29000.0
Elantra,Jeddah,Hyundai,Automatic,Saudi,Standard,2020.0,2.0,10000.0,63000.0
Rare,Khobar,Ford,Automatic,Saudi,Standard,2011.0,4.6,176000.0,50000.0
Taurus,Dammam,Ford,Automatic,Other,Full,2015.0,3.5,117000.0,69000.0
Land Cruiser,Aseer,Toyota,Automatic,Saudi,Full,2013.0,4.6,101000.0,150000.0
Taurus,Riyadh,Ford,Automatic,Saudi,Standard,2013.0,3.5,53393.0,57500.0
Rare,Dammam,Nissan,Manual,Saudi,Semi Full,2016.0,2.4,87300.0,53500.0
Rare,Jeddah,Rare,Automatic,Gulf Arabic,Semi Full,2018.0,2.0,14000.0,115000.0
Accord,Riyadh,Honda,Automatic,Saudi,Semi Full,2019.0,1.5,49000.0,95000.0
Camry,Dammam,Toyota,Automatic,Saudi,Semi Full,2017.0,2.5,63000.0,63000.0
Sierra,Qassim,GMC,Automatic,Saudi,Standard,2020.0,5.3,17000.0,135000.0
Camry,Jeddah,Toyota,Automatic,Saudi,Standard,2017.0,2.5,240000.0,41000.0
Rare,Riyadh,Nissan,Automatic,Saudi,Full,2015.0,5.6,228000.0,130000.0
Rare,Riyadh,Rare,Automatic,Saudi,Full,2020.0,1.4,11500.0,85000.0
Sierra,Dammam,GMC,Automatic,Saudi,Semi Full,2020.0,5.3,60000.0,155000.0
C,Jeddah,Mercedes,Automatic,Saudi,Semi Full,2015.0,2.0,99000.0,91500.0
Camry,Riyadh,Toyota,Automatic,Saudi,Full,2017.0,2.5,167000.0,80000.0
Rare,Qassim,Mazda,Automatic,Saudi,Full,2015.0,2.5,62000.0,76000.0
Innova,Jazan,Toyota,Automatic,Saudi,Full,2017.0,2.4,167000.0,70000.0
Rare,Al-Ahsa,Nissan,Manual,Saudi,Standard,2015.0,4.8,340000.0,49000.0
Rare,Jeddah,Mazda,Automatic,Saudi,Full,2020.0,2.0,26000.0,112000.0
Rare,Jeddah,Rare,Automatic,Gulf Arabic,Full,2012.0,5.3,235000.0,59500.0
Rare,Riyadh,Rare,Automatic,Saudi,Standard,2017.0,3.6,133000.0,70000.0
Rare,Riyadh,BMW,Automatic,Saudi,Full,2009.0,2.3,216500.0,24000.0
Rare,Riyadh,Ford,Automatic,Other,Standard,2016.0,2.5,83000.0,86000.0
Camry,Dammam,Toyota,Automatic,Saudi,Standard,2017.0,2.5,126000.0,63000.0
Yukon,Riyadh,GMC,Automatic,Saudi,Standard,2018.0,5.3,92736.0,146500.0
Tahoe,Riyadh,Chevrolet,Automatic,Saudi,Standard,2011.0,5.3,143000.0,55000.0
Corolla,Jeddah,Toyota,Automatic,Saudi,Semi Full,2011.0,1.4,283971.0,25000.0
Charger,Riyadh,Dodge,Automatic,Saudi,Full,2020.0,3.6,9120.0,115000.0
Rare,Dammam,Chevrolet,Automatic,Saudi,Standard,2010.0,5.3,143000.0,32000.0
Tahoe,Al-Ahsa,Chevrolet,Automatic,Saudi,Semi Full,2013.0,5.3,248000.0,49000.0
Prado,Riyadh,Toyota,Automatic,Gulf Arabic,Full,2019.0,4.0,82000.0,149000.0
Rare,Taef,Nissan,Manual,Saudi,Full,2015.0,2.4,200000.0,35000.0
Accent,Riyadh,Hyundai,Automatic,Saudi,Standard,2018.0,1.4,104681.0,36500.0
Charger,Riyadh,Dodge,Automatic,Saudi,Semi Full,2016.0,3.6,157136.0,84500.0
Corolla,Dammam,Toyota,Automatic,Saudi,Standard,2018.0,1.6,83000.0,45000.0
Innova,Riyadh,Toyota,Automatic,Saudi,Full,2015.0,2.7,226000.0,45000.0
Rare,Riyadh,Chevrolet,Automatic,Saudi,Standard,2014.0,3.6,195000.0,42000.0
Sunny,Riyadh,Nissan,Automatic,Saudi,Standard,2019.0,1.5,93049.0,29500.0
Rare,Tabouk,Dodge,Automatic,Other,Full,2013.0,5.7,275000.0,40000.0
Furniture,Jeddah,Toyota,Automatic,Saudi,Standard,2011.0,2.7,304000.0,32000.0
Rare,Jeddah,Dodge,Automatic,Saudi,Standard,2013.0,3.6,115458.0,50000.0
Taurus,Dammam,Ford,Automatic,Other,Semi Full,2017.0,3.5,61000.0,73000.0
Expedition,Riyadh,Ford,Automatic,Saudi,Standard,2013.0,5.4,145000.0,38000.0
Cerato,Khobar,Kia,Automatic,Saudi,Standard,2016.0,1.6,62000.0,29750.0
Rare,Riyadh,Hyundai,Automatic,Saudi,Semi Full,2015.0,2.4,140000.0,55000.0
Camry,Dammam,Toyota,Automatic,Saudi,Standard,2018.0,2.5,179000.0,76000.0
Yukon,Riyadh,GMC,Automatic,Gulf Arabic,Semi Full,2016.0,5.3,63000.0,140000.0
Rare,Jeddah,BMW,Automatic,Saudi,Semi Full,2015.0,2.0,89000.0,80000.0
Rare,Riyadh,Ford,Automatic,Saudi,Full,2011.0,3.5,231000.0,35000.0
Prado,Dammam,Toyota,Automatic,Gulf Arabic,Semi Full,2018.0,4.0,92000.0,130000.0
Rare,Dammam,Chevrolet,Automatic,Saudi,Semi Full,2013.0,2.5,250000.0,30000.0
Rare,Jubail,Toyota,Manual,Saudi,Semi Full,2015.0,4.0,260000.0,60000.0
Rare,Riyadh,Toyota,Automatic,Gulf Arabic,Full,2017.0,1.6,74658.0,135000.0
Caprice,Riyadh,Chevrolet,Automatic,Saudi,Full,2009.0,6.3,211000.0,40000.0
Accent,Riyadh,Hyundai,Automatic,Saudi,Standard,2019.0,1.4,33613.0,40000.0
Innova,Riyadh,Toyota,Automatic,Saudi,Standard,2017.0,2.7,106377.0,69500.0
Impala,Riyadh,Chevrolet,Automatic,Gulf Arabic,Standard,2017.0,3.5,89000.0,62000.0
Prado,Al-Medina,Toyota,Automatic,Saudi,Full,2016.0,4.0,174000.0,120000.0
Accent,Riyadh,Hyundai,Automatic,Saudi,Standard,2017.0,1.4,108000.0,29000.0
Accent,Riyadh,Hyundai,Automatic,Saudi,Standard,2018.0,1.4,110761.0,32000.0
Innova,Riyadh,Toyota,Automatic,Saudi,Standard,2020.0,2.7,74000.0,75000.0
Rare,Riyadh,Rare,Automatic,Saudi,Full,2017.0,3.6,183000.0,108000.0
Rare,Jazan,Jeep,Automatic,Saudi,Standard,2019.0,3.6,79000.0,140000.0
Rare,Riyadh,Kia,Automatic,Saudi,Standard,2017.0,3.0,93000.0,57000.0
Accent,Dammam,Hyundai,Automatic,Saudi,Standard,2018.0,1.4,97300.0,31000.0
Rare,Dammam,Ford,Automatic,Saudi,Semi Full,2012.0,5.0,318000.0,35000.0
Taurus,Riyadh,Ford,Automatic,Gulf Arabic,Full,2017.0,3.5,27000.0,83000.0
Rare,Riyadh,Rare,Automatic,Saudi,Full,2019.0,1.8,83425.0,51500.0
Cerato,Rare,Kia,Automatic,Saudi,Standard,2015.0,1.6,120000.0,25000.0
Cerato,Jeddah,Kia,Automatic,Saudi,Semi Full,2016.0,1.6,150000.0,30000.0
Hilux,Dammam,Toyota,Manual,Saudi,Standard,2016.0,2.7,165000.0,63000.0
Sonata,Riyadh,Hyundai,Automatic,Saudi,Semi Full,2017.0,2.4,20000.0,36000.0
Elantra,Jubail,Hyundai,Automatic,Saudi,Full,2019.0,2.0,39000.0,65000.0
Rare,Riyadh,Chevrolet,Automatic,Saudi,Standard,2019.0,1.4,63744.0,25000.0
ES,Jazan,Lexus,Automatic,Saudi,Standard,2021.0,2.5,13500.0,172500.0
Prado,Jeddah,Toyota,Automatic,Saudi,Standard,2016.0,4.0,74000.0,120000.0
Rare,Dammam,BMW,Automatic,Gulf Arabic,Semi Full,2017.0,3.0,71000.0,170000.0
Elantra,Al-Medina,Hyundai,Automatic,Saudi,Standard,2019.0,1.6,84000.0,51000.0
Hilux,Rare,Toyota,Manual,Saudi,Full,2014.0,2.7,98000.0,70000.0
Rare,Riyadh,Kia,Automatic,Saudi,Semi Full,2015.0,2.4,173544.0,37000.0
Rare,Riyadh,Chevrolet,Automatic,Saudi,Semi Full,2017.0,2.4,110000.0,49000.0
Rare,Jeddah,Rare,Automatic,Saudi,Full,2019.0,1.8,66000.0,40000.0
Rare,Riyadh,Lexus,Automatic,Saudi,Semi Full,2018.0,3.5,131000.0,166000.0
Hilux,Rare,Toyota,Automatic,Saudi,Full,2020.0,2.4,30000.0,147000.0
Rare,Aseer,Chevrolet,Automatic,Saudi,Semi Full,2015.0,2.5,190217.0,27000.0
Expedition,Jeddah,Ford,Automatic,Saudi,Standard,2018.0,3.5,55000.0,143000.0
Expedition,Riyadh,Ford,Automatic,Saudi,Semi Full,2012.0,5.4,177078.0,51000.0
Rare,Riyadh,Rare,Automatic,Saudi,Standard,2020.0,1.6,87235.0,42500.0
Rare,Riyadh,Ford,Automatic,Other,Full,2013.0,3.5,111251.0,74000.0
Sonata,Riyadh,Hyundai,Automatic,Saudi,Full,2016.0,2.4,136000.0,42500.0
Elantra,Riyadh,Hyundai,Automatic,Saudi,Semi Full,2021.0,2.0,9974.0,78500.0
Charger,Riyadh,Dodge,Automatic,Saudi,Standard,2018.0,3.6,99288.0,84500.0
6,Jeddah,Mazda,Automatic,Saudi,Standard,2016.0,2.5,88350.0,50000.0
Rare,Jazan,Kia,Automatic,Saudi,Full,2016.0,3.3,21000.0,65000.0
Accent,Jeddah,Hyundai,Automatic,Other,Standard,2016.0,1.4,151000.0,25000.0
Sonata,Riyadh,Hyundai,Automatic,Saudi,Standard,2017.0,2.4,127000.0,43000.0
Rare,Riyadh,Ford,Automatic,Saudi,Standard,2010.0,6.0,35000.0,160000.0
Taurus,Riyadh,Ford,Automatic,Other,Full,2019.0,3.5,32714.0,109000.0
Rare,Dammam,Lexus,Automatic,Gulf Arabic,Full,2020.0,2.0,10000.0,176000.0
Rare,Rare,Hyundai,Automatic,Saudi,Full,2013.0,3.3,196000.0,39000.0
Expedition,Riyadh,Ford,Automatic,Saudi,Standard,2013.0,5.4,348000.0,50000.0
Rare,Jeddah,Rare,Automatic,Gulf Arabic,Semi Full,2016.0,2.0,75000.0,80000.0
Yukon,Riyadh,GMC,Automatic,Saudi,Standard,2018.0,5.3,87656.0,146500.0
Rare,Riyadh,GMC,Automatic,Saudi,Semi Full,2016.0,3.6,106000.0,75000.0
Hilux,Jeddah,Toyota,Manual,Saudi,Semi Full,2019.0,2.7,23000.0,90000.0
Rare,Riyadh,Kia,Automatic,Saudi,Standard,2018.0,2.4,93000.0,54000.0
Rare,Jeddah,Nissan,Automatic,Saudi,Standard,2016.0,4.8,59000.0,83000.0
Sonata,Riyadh,Hyundai,Automatic,Saudi,Standard,2019.0,2.4,110900.0,57000.0
Sunny,Riyadh,Nissan,Automatic,Saudi,Standard,2018.0,1.5,108708.0,24000.0
Rare,Dammam,Rare,Automatic,Other,Full,2016.0,3.5,83000.0,86000.0
Prado,Khobar,Toyota,Automatic,Saudi,Semi Full,2018.0,4.0,74000.0,150000.0
Prado,Riyadh,Toyota,Automatic,Saudi,Semi Full,2016.0,4.0,201000.0,107000.0
Rare,Riyadh,Rare,Automatic,Saudi,Standard,2017.0,3.6,24000.0,130000.0
Accent,Riyadh,Hyundai,Automatic,Saudi,Standard,2017.0,1.4,65000.0,30000.0
Furniture,Riyadh,Toyota,Automatic,Saudi,Full,2010.0,4.0,317000.0,43000.0
Impala,Riyadh,Chevrolet,Automatic,Saudi,Semi Full,2015.0,3.6,145462.0,55000.0
Rare,Dammam,Honda,Automatic,Saudi,Standard,2015.0,3.5,192000.0,58000.0
Rare,Tabouk,Jeep,Automatic,Gulf Arabic,Full,2013.0,6.4,136000.0,85000.0
Taurus,Riyadh,Ford,Automatic,Saudi,Standard,2014.0,3.6,322000.0,47500.0
Furniture,Jeddah,Toyota,Automatic,Saudi,Standard,2019.0,2.7,60000.0,97000.0
Caprice,Riyadh,Chevrolet,Automatic,Saudi,Semi Full,2016.0,6.0,208647.0,74000.0
Rare,Rare,Toyota,Automatic,Saudi,Semi Full,2016.0,5.7,117000.0,140000.0
Hilux,Riyadh,Toyota,Manual,Saudi,Semi Full,2016.0,2.7,156495.0,62500.0
Rare,Riyadh,Ford,Automatic,Gulf Arabic,Standard,2017.0,2.5,110000.0,67000.0
Rare,Riyadh,Honda,Automatic,Gulf Arabic,Full,2015.0,3.5,98000.0,75000.0
Rare,Al-Ahsa,Toyota,Automatic,Other,Full,2018.0,2.7,56625.0,82500.0
Yaris,Riyadh,Toyota,Automatic,Saudi,Standard,2018.0,1.5,62000.0,35000.0
Rare,Riyadh,Hyundai,Automatic,Saudi,Full,2009.0,2.7,260000.0,21000.0
Impala,Riyadh,Chevrolet,Automatic,Saudi,Standard,2018.0,3.6,63118.0,73500.0
Rare,Al-Ahsa,Ford,Automatic,Saudi,Semi Full,2016.0,3.5,198000.0,69000.0
Yukon,Taef,GMC,Automatic,Saudi,Standard,2017.0,5.3,39000.0,142000.0
Yukon,Riyadh,GMC,Automatic,Saudi,Standard,2018.0,5.3,82011.0,146500.0
Rare,Dammam,Mercedes,Automatic,Other,Full,2017.0,2.0,66000.0,162000.0
Tahoe,Dammam,Chevrolet,Automatic,Saudi,Semi Full,2014.0,3.5,95560.0,80000.0
Accent,Al-Medina,Hyundai,Automatic,Saudi,Semi Full,2019.0,1.4,25000.0,39000.0
Charger,Riyadh,Dodge,Automatic,Other,Full,2016.0,5.7,123000.0,109000.0
Furniture,Riyadh,Toyota,Manual,Saudi,Full,2015.0,4.0,70000.0,79000.0
ES,Riyadh,Lexus,Automatic,Gulf Arabic,Full,2018.0,3.5,128000.0,93500.0
Prado,Al-Ahsa,Toyota,Automatic,Gulf Arabic,Semi Full,2018.0,4.0,78000.0,135000.0
Rare,Riyadh,Rare,Automatic,Saudi,Standard,2020.0,1.6,84000.0,42500.0
Expedition,Riyadh,Ford,Automatic,Saudi,Standard,2012.0,5.4,195000.0,45000.0
6,Riyadh,Mazda,Automatic,Saudi,Standard,2018.0,2.5,68263.0,66500.0
Rare,Dammam,Rare,Automatic,Saudi,Full,2011.0,3.0,141000.0,85000.0
Land Cruiser,Riyadh,Toyota,Automatic,Saudi,Full,2011.0,4.0,273392.0,100000.0
Hilux,Dammam,Toyota,Manual,Saudi,Standard,2016.0,2.4,250000.0,58000.0
Rare,Dammam,Rare,Automatic,Other,Full,2016.0,6.2,114000.0,175000.0
Rare,Riyadh,Toyota,Automatic,Saudi,Standard,2008.0,3.5,320000.0,30000.0
Pajero,Dammam,Mitsubishi,Automatic,Saudi,Full,2016.0,3.5,190000.0,58000.0
Rare,Jeddah,Hyundai,Automatic,Saudi,Semi Full,2013.0,3.3,16700.0,52000.0
Rare,Jeddah,Toyota,Automatic,Saudi,Full,2020.0,3.5,33000.0,164000.0
Rare,Riyadh,Toyota,Manual,Gulf Arabic,Semi Full,2016.0,4.0,177000.0,90000.0
Impala,Riyadh,Chevrolet,Automatic,Saudi,Standard,2016.0,3.6,118000.0,48000.0
Taurus,Dammam,Ford,Automatic,Saudi,Semi Full,2012.0,3.5,327000.0,35000.0
Rare,Khobar,BMW,Automatic,Saudi,Full,2014.0,3.0,206000.0,98000.0
Impala,Riyadh,Chevrolet,Automatic,Gulf Arabic,Standard,2019.0,3.5,16000.0,95000.0
Sunny,Riyadh,Nissan,Automatic,Saudi,Standard,2019.0,1.5,105739.0,26800.0
Taurus,Jeddah,Ford,Automatic,Saudi,Semi Full,2015.0,2.5,172000.0,52000.0
Rare,Al-Medina,Kia,Automatic,Saudi,Full,2015.0,2.4,129744.0,49500.0
Rare,Riyadh,GMC,Automatic,Saudi,Semi Full,2015.0,2.4,125000.0,38000.0
Rare,Riyadh,Rare,Automatic,Saudi,Standard,2020.0,1.5,55531.0,27500.0
Rare,Riyadh,Rare,Automatic,Saudi,Semi Full,2019.0,1.8,70000.0,35000.0
Accent,Riyadh,Hyundai,Automatic,Saudi,Standard,2018.0,1.4,102109.0,35000.0
Rare,Riyadh,Toyota,Automatic,Saudi,Standard,2018.0,2.5,153000.0,66000.0
Rare,Jeddah,Chevrolet,Automatic,Saudi,Semi Full,2011.0,2.5,65000.0,35000.0
Furniture,Jeddah,Toyota,Automatic,Saudi,Standard,2014.0,2.7,127000.0,57000.0
Corolla,Jeddah,Toyota,Automatic,Saudi,Standard,2018.0,1.6,68000.0,44000.0
Rare,Khobar,Nissan,Automatic,Saudi,Full,2016.0,4.0,183000.0,150000.0
Rare,Riyadh,Nissan,Automatic,Saudi,Full,2016.0,3.5,155000.0,65000.0
Rare,Jeddah,Kia,Automatic,Saudi,Standard,2019.0,1.6,46000.0,65000.0
Rare,Riyadh,Chevrolet,Automatic,Saudi,Full,2014.0,2.4,280000.0,35000.0
Rare,Riyadh,Toyota,Automatic,Saudi,Full,2017.0,3.5,104159.0,106500.0
Rare,Makkah,Hyundai,Automatic,Saudi,Semi Full,2013.0,2.0,213000.0,28000.0
Hilux,Makkah,Toyota,Manual,Saudi,Standard,2009.0,1.5,25788.0,30000.0
Rare,Riyadh,Toyota,Automatic,Saudi,Standard,2016.0,1.6,160000.0,28000.0
Rare,Dammam,Rare,Manual,Saudi,Standard,2014.0,2.5,288000.0,42000.0
Impala,Riyadh,Chevrolet,Automatic,Gulf Arabic,Standard,2019.0,3.6,85000.0,68500.0
Rare,Rare,Hyundai,Automatic,Saudi,Standard,2021.0,3.5,11000.0,120000.0
Rare,Riyadh,Hyundai,Automatic,Saudi,Semi Full,2018.0,3.5,72900.0,80000.0
Sonata,Jeddah,Hyundai,Automatic,Saudi,Semi Full,2018.0,2.5,90000.0,55000.0
Caprice,Riyadh,Chevrolet,Automatic,Saudi,Full,2014.0,6.0,163000.0,82000.0
Rare,Riyadh,Mazda,Automatic,Saudi,Full,2019.0,2.5,33000.0,102000.0
Sonata,Riyadh,Hyundai,Automatic,Saudi,Semi Full,2018.0,2.4,117000.0,63000.0
Sonata,Al-Medina,Hyundai,Automatic,Saudi,Full,2018.0,2.4,97000.0,65000.0
C,Dammam,Mercedes,Automatic,Gulf Arabic,Full,2018.0,2.0,57000.0,167000.0
Rare,Riyadh,Rare,Automatic,Saudi,Semi Full,2018.0,3.8,97000.0,98000.0
Expedition,Riyadh,Ford,Automatic,Saudi,Full,2018.0,3.5,36000.0,155000.0
Rare,Jeddah,BMW,Automatic,Saudi,Standard,2019.0,2.5,38000.0,140000.0
Rare,Riyadh,Chevrolet,Automatic,Saudi,Standard,2016.0,1.8,154000.0,25000.0
Rare,Dammam,Toyota,Automatic,Saudi,Standard,2018.0,2.5,134000.0,66000.0
ES,Dammam,Lexus,Automatic,Gulf Arabic,Semi Full,2016.0,2.6,92000.0,98000.0
Camry,Dammam,Toyota,Automatic,Saudi,Full,2019.0,3.5,86000.0,110000.0
Rare,Khobar,GMC,Automatic,Saudi,Full,2014.0,3.6,250000.0,50000.0
Elantra,Jeddah,Hyundai,Automatic,Saudi,Full,2020.0,2.0,44000.0,61000.0
Innova,Dammam,Toyota,Automatic,Saudi,Standard,2015.0,2.7,230000.0,45000.0
Rare,Jeddah,BMW,Automatic,Saudi,Semi Full,2012.0,2.0,197000.0,50000.0
6,Al-Medina,Mazda,Automatic,Saudi,Semi Full,2016.0,2.5,100000.0,57000.0
Yukon,Dammam,GMC,Automatic,Saudi,Full,2016.0,5.3,48000.0,145000.0
Tahoe,Riyadh,Chevrolet,Automatic,Saudi,Semi Full,2008.0,5.7,330000.0,27000.0
Rare,Dammam,Chevrolet,Automatic,Saudi,Semi Full,2016.0,2.5,203000.0,32000.0
Rare,Riyadh,Mazda,Automatic,Saudi,Full,2015.0,3.7,217162.0,68500.0
Rare,Aseer,Toyota,Automatic,Gulf Arabic,Full,2015.0,4.0,200000.0,88000.0
Rare,Riyadh,Rare,Automatic,Saudi,Standard,2020.0,1.5,37644.0,27500.0
Hilux,Dammam,Toyota,Manual,Saudi,Semi Full,2018.0,2.7,201000.0,85000.0
Rare,Riyadh,Rare,Automatic,Saudi,Semi Full,2013.0,3.0,75000.0,70000.0
Accent,Riyadh,Hyundai,Automatic,Saudi,Semi Full,2017.0,1.6,125848.0,30000.0
Rare,Khobar,Toyota,Automatic,Saudi,Standard,2019.0,3.5,47000.0,116000.0
Accent,Jeddah,Hyundai,Automatic,Saudi,Full,2020.0,1.6,34000.0,56000.0
Expedition,Jeddah,Ford,Automatic,Saudi,Standard,2012.0,5.4,350000.0,30000.0
Accent,Jeddah,Hyundai,Automatic,Saudi,Standard,2017.0,1.4,168000.0,29000.0
Sunny,Riyadh,Nissan,Automatic,Saudi,Standard,2018.0,1.5,69000.0,28000.0
Elantra,Riyadh,Hyundai,Automatic,Saudi,Full,2016.0,2.0,150000.0,47000.0
Tahoe,Riyadh,Chevrolet,Automatic,Gulf Arabic,Full,2017.0,5.3,55000.0,168000.0
Rare,Riyadh,Rare,Automatic,Other,Full,2021.0,1.3,22600.0,50000.0
Sonata,Riyadh,Hyundai,Automatic,Saudi,Standard,2018.0,2.4,100000.0,52000.0
Corolla,Dammam,Toyota,Manual,Saudi,Standard,2016.0,1.6,83000.0,38500.0
Yaris,Dammam,Toyota,Automatic,Saudi,Standard,2017.0,1.5,133000.0,29000.0
Tahoe,Riyadh,Chevrolet,Automatic,Saudi,Semi Full,2016.0,5.3,123496.0,130000.0
Rare,Riyadh,Nissan,Automatic,Saudi,Full,2017.0,2.5,135988.0,49500.0
Innova,Riyadh,Toyota,Automatic,Saudi,Full,2017.0,2.7,175559.0,76500.0
Accent,Jeddah,Hyundai,Automatic,Saudi,Semi Full,2017.0,1.4,117000.0,23000.0
Pajero,Riyadh,Mitsubishi,Automatic,Saudi,Standard,2012.0,3.8,86213.0,41500.0
Pajero,Al-Ahsa,Mitsubishi,Automatic,Saudi,Semi Full,2015.0,3.5,99000.0,55000.0
Rare,Dammam,Nissan,Manual,Saudi,Semi Full,2015.0,2.0,182000.0,29000.0
